"adipisci83@example.com","119","password"
"alias81@example.net","208","password"
"aliquid_illo@example.com","64","password"
"aliquid_quae@example.net","56","password"
"at_occaecati@example.com","78","password"
"aut78@example.com","105","password"
"blanditiis88@example.net","18","password"
"bmollitia@example.org","88","password"
"consectetur_et@example.net","97","password"
"consectetur.qui@example.org","144","password"
"consequatur_doloremque@example.com","85","password"
"corporis_voluptatem@example.com","91","password"
"cperspiciatis@example.com","43","password"
"cum.itaque@example.net","204","password"
"cumque_optio@example.net","62","password"
"cupiditate02@example.org","162","password"
"dconsequatur@example.net","21","password"
"delectus44@example.org","94","password"
"dolor.est@example.com","207","password"
"dolore06@example.com","1","password"
"doloribus_natus@example.com","180","password"
"dolorum13@example.net","39","password"
"ea_ut@example.com","211","password"
"ea.dolor@example.net","174","password"
"efacilis@example.com","27","password"
"efuga@example.net","122","password"
"eius_omnis@example.com","71","password"
"emaiores@example.net","90","password"
"enim.ut@example.com","2","password"
"eos.porro@example.com","165","password"
"et_sed@example.com","190","password"
"et.adipisci@example.com","93","password"
"et.commodi@example.com","54","password"
"et.perferendis@example.org","69","password"
"et34@example.com","79","password"
"et42@example.com","120","password"
"eum_ut@example.org","80","password"
"ex.et@example.com","11","password"
"expedita.suscipit@example.org","188","password"
"fugiat.minus@example.com","82","password"
"giste@example.net","81","password"
"gquod@example.net","148","password"
"hamet@example.com","37","password"
"het@example.com","66","password"
"hic_nihil@example.com","167","password"
"hic72@example.com","12","password"
"id.maiores@example.org","140","password"
"idolorem@example.org","121","password"
"in94@example.com","24","password"
"iure.nam@example.net","76","password"
"iut@example.net","5","password"
"jratione@example.net","185","password"
"lperspiciatis@example.org","131","password"
"lquo@example.org","108","password"
"nam29@example.net","29","password"
"natus62@example.org","128","password"
"necessitatibus_aut@example.org","197","password"
"nihil.voluptas@example.com","199","password"
"nisi.quos@example.com","141","password"
"non.omnis@example.net","118","password"
"nplaceat@example.org","75","password"
"nquos@example.net","179","password"
"numquam_molestiae@example.net","130","password"
"occaecati.nemo@example.org","136","password"
"omnis_dolorem@example.com","35","password"
"omnis85@example.org","51","password"
"pautem@example.com","115","password"
"perferendis_et@example.org","46","password"
"perferendis_quam@example.org","8","password"
"perspiciatis26@example.com","112","password"
"possimus.et@example.org","86","password"
"praesentium_et@example.net","194","password"
"qquas@example.net","32","password"
"qquia@example.org","89","password"
"quam95@example.net","171","password"
"quia_cupiditate@example.com","74","password"
"quia_nemo@example.net","41","password"
"quia_ut@example.net","177","password"
"quia.earum@example.net","147","password"
"quod67@example.com","158","password"
"repellat_itaque@example.net","15","password"
"rmolestiae@example.com","159","password"
"rtempora@example.net","133","password"
"sapiente_repellendus@example.net","125","password"
"sed23@example.net","168","password"
"sequi.porro@example.com","109","password"
"sequi.quia@example.com","102","password"
"sint.mollitia@example.org","124","password"
"soptio@example.org","183","password"
"suscipit_tempora@example.net","137","password"
"tdicta@example.net","134","password"
"tenetur.omnis@example.com","153","password"
"tnon@example.com","151","password"
"unde_qui@example.org","60","password"
"ut51@example.org","155","password"
"veniam.iusto@example.org","58","password"
"veniam.numquam@example.com","192","password"
"veritatis_eos@example.org","48","password"
"voluptas_et@example.net","100","password"
"voluptates.debitis@example.org","202","password"
